X1,X2,X3,X4,X5,X6,X7,X8,X9,X10,X11,X12,X13,X14,X15,X16,X17,X18,X19,X20,X21,X22,X23,X24,Y,,
0908152080,7819,Pave,AllPub,Edwards,1Fam,1976,CBlock,1029,GasA,Y,1117,1,0,1,0,3,6,1,672,Y,0,NA,Abnorml,107000,,
0905401020,12671,Pave,AllPub,ClearCr,1Fam,1954,CBlock,1288,GasA,Y,2422,0,0,3,0,4,6,2,527,Y,0,NA,Normal,255000,,
0528218080,10237,Pave,AllPub,Gilbert,1Fam,2006,PConc,738,GasA,Y,1492,0,0,2,1,3,8,0,440,Y,0,NA,Partial,169985,,
0906385010,10402,Pave,AllPub,CollgCr,1Fam,2009,PConc,1226,GasA,Y,1226,0,0,2,0,3,6,0,740,Y,0,NA,Normal,198900,,
0533213120,2280,Pave,AllPub,Somerst,Twnhs,1999,PConc,744,GasA,Y,1549,1,0,2,1,3,6,0,440,Y,0,NA,Normal,172900,,
0923230040,9297,Pave,AllPub,Mitchel,Duplex,1976,CBlock,1728,GasA,Y,1728,2,0,2,0,4,8,0,560,Y,0,NA,Family,188000,,
0531385130,16196,Pave,AllPub,SawyerW,1Fam,1998,PConc,1482,GasA,Y,1494,1,0,2,0,3,5,1,514,Y,0,NA,Normal,215000,,
0921128020,13214,Pave,AllPub,Timber,1Fam,2008,PConc,2002,GasA,Y,2018,0,0,2,0,3,10,1,746,Y,0,NA,Normal,378500,,
0535179050,14850,Pave,AllPub,NAmes,1Fam,1957,CBlock,1092,GasA,Y,1092,1,0,1,0,2,6,1,299,Y,0,NA,Normal,141000,,
0904301410,8250,Pave,AllPub,Edwards,1Fam,1935,Slab,0,GasA,N,1032,0,0,1,0,2,6,1,260,Y,0,NA,Normal,125000,,
0528186050,7841,Pave,AllPub,NridgHt,TwnhsE,2005,PConc,1577,GasA,Y,1577,1,0,2,0,2,6,1,564,Y,0,NA,Normal,280000,,
0903226060,6000,Pave,AllPub,BrkSide,1Fam,1940,CBlock,981,GasA,Y,1672,0,0,1,1,3,6,1,240,Y,0,NA,Normal,164900,,
0534175010,11500,Pave,AllPub,NWAmes,Duplex,1976,CBlock,1680,GasA,Y,1680,0,0,2,0,4,8,0,528,Y,0,NA,Normal,136905,,
0527216070,53504,Pave,AllPub,StoneBr,1Fam,2003,PConc,1650,GasA,Y,3279,1,0,3,1,4,12,1,841,Y,0,NA,Normal,538000,,
0905200220,11616,Pave,AllPub,Sawyer,1Fam,1962,CBlock,1092,GasA,Y,1092,0,1,1,0,3,6,1,288,Y,0,NA,Normal,139000,,
0909101080,8248,Pave,AllPub,Edwards,1Fam,1922,BrkTil,864,GasA,N,1414,0,0,1,0,3,8,1,0,N,0,NA,Abnorml,83000,,
0528235020,9024,Pave,AllPub,Gilbert,1Fam,2004,PConc,789,GasA,Y,1515,0,0,2,1,3,8,1,393,Y,0,NA,Normal,179000,,
0902105010,4800,Pave,AllPub,OldTown,1Fam,1910,BrkTil,680,GasA,N,1360,0,0,1,0,2,6,0,330,Y,0,NA,Normal,111000,,
0902109080,11426,Pave,AllPub,OldTown,2fmCon,1910,Stone,828,GasA,Y,1594,0,0,2,0,3,9,0,0,N,0,NA,Normal,118000,,
0905101300,10773,Pave,AllPub,Sawyer,Duplex,1967,CBlock,1832,GasA,N,1832,2,0,2,0,4,8,0,0,Y,0,NA,Normal,136000,,
0527453130,2280,Pave,AllPub,NPkVill,Twnhs,1975,CBlock,855,GasA,Y,1456,0,0,2,1,3,6,1,440,Y,0,NA,Normal,149900,,
0534225120,13101,Pave,AllPub,NAmes,Duplex,1965,CBlock,1728,GasA,Y,1728,0,0,2,0,6,10,0,576,Y,0,NA,Normal,142600,,
0531385020,8529,Pave,AllPub,SawyerW,1Fam,2001,PConc,1454,GasA,Y,1434,0,0,2,0,3,6,1,527,Y,0,NA,Normal,189000,,
0905478190,11100,Pave,AllPub,Edwards,1Fam,1946,CBlock,0,GasA,Y,930,0,0,1,0,2,6,0,308,Y,0,NA,Abnorml,84900,,
0535402090,10143,Pave,AllPub,NAmes,1Fam,1963,CBlock,1380,GasA,Y,1380,0,0,1,1,3,6,0,364,Y,0,NA,Normal,154000,,
0535327200,13300,Pave,AllPub,NAmes,1Fam,1956,CBlock,928,GasA,Y,928,0,0,1,0,2,4,0,252,Y,0,NA,Normal,132000,,
0531382070,10994,Pave,AllPub,SawyerW,1Fam,2005,PConc,1844,GasA,Y,1844,1,0,2,0,2,7,1,620,Y,0,NA,Abnorml,257000,,
0534176250,9600,Pave,AllPub,NWAmes,1Fam,1969,CBlock,1164,GasA,Y,1164,0,0,1,1,3,6,0,528,Y,0,NA,Normal,140000,,
0527450010,2760,Pave,AllPub,BrDale,TwnhsE,1973,CBlock,525,GasA,Y,1092,0,0,1,1,3,6,0,440,Y,0,NA,Normal,105500,,
0535452140,7200,Pave,AllPub,NAmes,1Fam,1952,CBlock,732,GasA,Y,732,1,0,1,0,2,4,0,240,Y,0,NA,Normal,118900,,
0528144020,9541,Pave,AllPub,NridgHt,1Fam,2009,PConc,1502,GasA,Y,1502,0,0,2,0,3,7,0,644,Y,0,NA,Partial,233170,,
0531369020,10141,Pave,AllPub,SawyerW,1Fam,2004,PConc,1512,GasA,Y,1512,0,0,2,0,3,6,0,845,Y,0,NA,Normal,203000,,
0534453080,5175,Pave,AllPub,BrkSide,1Fam,1958,CBlock,808,GasA,Y,808,0,0,1,0,2,5,0,308,N,0,NA,Normal,112000,,
0527106010,13006,Pave,AllPub,Gilbert,1Fam,1997,PConc,964,GasA,Y,2236,0,0,2,1,4,8,1,642,Y,0,NA,Normal,222000,,
0533221100,2117,Pave,AllPub,Somerst,Twnhs,2000,PConc,756,GasA,Y,1525,0,0,2,1,3,5,1,440,Y,0,NA,Normal,177000,,
0907420080,8199,Pave,AllPub,CollgCr,1Fam,2005,PConc,728,GasA,Y,1456,1,0,2,1,3,7,1,410,Y,0,NA,Normal,189000,,
0902106130,4485,Pave,AllPub,OldTown,1Fam,1920,PConc,936,GasA,Y,936,1,0,1,0,2,5,1,0,P,0,NA,Normal,109500,,
0535477020,7700,Pave,AllPub,NAmes,1Fam,1966,CBlock,756,GasA,Y,1839,0,0,1,1,4,7,1,442,Y,0,NA,Normal,155000,,
0528427070,14598,Pave,AllPub,Somerst,1Fam,2007,PConc,894,GasA,Y,1933,0,0,2,1,4,9,1,668,Y,0,NA,Normal,214000,,
0916403290,13758,Pave,AllPub,Timber,1Fam,1990,CBlock,1156,GasA,Y,1717,0,0,2,1,3,7,1,400,Y,0,NA,Normal,187500,,
0534455030,9600,Pave,AllPub,NAmes,1Fam,1960,CBlock,1296,GasA,Y,1496,0,0,2,0,3,6,0,450,Y,0,NA,Normal,141500,,
0535354050,9600,Pave,AllPub,NAmes,1Fam,1949,CBlock,845,GasA,Y,893,0,1,1,0,2,4,0,576,Y,0,NA,Normal,135000,,
0916384150,10991,Pave,AllPub,Timber,1Fam,2007,PConc,1571,GasA,Y,1571,0,0,2,0,3,7,1,722,Y,0,NA,Partial,239000,,
0535425060,11355,Pave,AllPub,NAmes,1Fam,1958,CBlock,1312,GasA,Y,1312,0,0,1,1,3,6,1,495,Y,0,NA,Normal,186000,,
0923228150,1533,Pave,AllPub,MeadowV,Twnhs,1970,CBlock,546,GasA,Y,1344,0,0,1,1,3,6,1,0,Y,0,NA,Normal,97000,,
0903228090,5000,Pave,AllPub,BrkSide,1Fam,1926,BrkTil,992,GasA,Y,1013,0,0,1,0,3,6,0,160,Y,0,NA,Normal,113000,,
0907187060,12352,Pave,AllPub,CollgCr,1Fam,1998,PConc,853,GasA,Y,1753,1,0,2,1,3,7,1,534,Y,0,NA,Normal,217000,,
0911128180,7500,Pave,AllPub,IDOTRR,1Fam,1920,CBlock,698,GasA,Y,1128,0,0,1,0,2,6,0,528,Y,0,NA,Abnorml,68400,,
0527254070,11302,Pave,AllPub,StoneBr,1Fam,2005,PConc,1814,GasA,Y,1826,1,0,2,0,3,7,1,758,Y,0,NA,Partial,319000,,
0535104120,10573,Pave,AllPub,NAmes,1Fam,1961,CBlock,1453,GasA,Y,1453,1,0,2,0,3,6,1,530,Y,0,NA,Normal,187500,,
0903456060,9786,Pave,AllPub,IDOTRR,1Fam,1922,BrkTil,1007,GasA,N,1077,0,0,1,0,3,6,1,210,P,0,NA,Normal,91000,,
0528390210,29959,Pave,AllPub,NoRidge,1Fam,1994,PConc,973,GasA,Y,1850,0,0,2,1,3,7,1,467,Y,0,NA,Normal,248000,,
0924100040,9819,Pave,AllPub,Mitchel,1Fam,1977,PConc,1567,GasA,Y,1567,1,0,2,0,2,5,2,714,Y,0,NA,Normal,196000,,
0907201280,6950,Pave,AllPub,CollgCr,1Fam,1979,CBlock,914,GasA,Y,914,1,0,1,0,2,5,0,444,Y,0,NA,Normal,134900,,
0923276180,11625,Pave,AllPub,Mitchel,1Fam,1983,CBlock,816,GasA,Y,816,1,0,1,0,2,4,0,264,Y,0,NA,Normal,139000,,
0914476330,9928,Pave,AllPub,Mitchel,1Fam,1991,PConc,1454,GasA,Y,1478,1,0,2,0,3,6,1,506,Y,0,NA,Normal,210000,,
0905226170,13770,Pave,AllPub,Sawyer,1Fam,1958,CBlock,1158,GasA,Y,1176,1,0,1,0,3,6,2,303,Y,0,NA,Normal,137000,,
0528142150,12878,Pave,AllPub,NridgHt,1Fam,2003,PConc,1760,GasA,Y,1760,1,0,2,0,3,8,1,583,Y,0,NA,Normal,269500,,
0534275060,7436,Pave,AllPub,NAmes,1Fam,1960,CBlock,894,GasA,Y,894,1,0,1,0,2,5,1,396,Y,0,NA,Normal,141500,,
0528458130,9000,Pave,AllPub,Somerst,1Fam,2007,PConc,1184,GasA,Y,2610,0,0,2,1,4,11,1,550,Y,0,NA,Partial,303477,,
0908225320,8741,Pave,AllPub,Edwards,1Fam,1945,CBlock,735,GasA,Y,1487,0,0,1,1,3,7,1,220,Y,0,NA,Normal,113000,,
0528477040,9803,Pave,AllPub,Somerst,1Fam,2005,PConc,866,GasA,Y,1768,0,0,2,1,3,7,0,603,Y,0,NA,Normal,226700,,
0902206090,9576,Pave,AllPub,OldTown,1Fam,1945,CBlock,770,GasA,Y,1182,0,0,1,1,3,5,0,378,Y,0,NA,Normal,120000,,
0528142060,10672,Pave,AllPub,NridgHt,1Fam,2006,PConc,1054,GasA,Y,2389,0,0,2,1,4,10,1,672,Y,0,NA,Partial,298236,,
0908103280,6500,Pave,AllPub,Edwards,1Fam,1976,CBlock,1127,GasA,Y,1127,0,1,1,1,3,6,1,480,Y,0,NA,Normal,135000,,
0528477050,11003,Pave,AllPub,Somerst,1Fam,2008,PConc,1017,GasA,Y,2007,1,0,2,1,3,10,1,812,Y,0,NA,Normal,310000,,
0531451030,8012,Pave,AllPub,SawyerW,TwnhsE,1992,PConc,1575,GasA,Y,1575,1,0,2,0,2,5,0,529,Y,0,NA,Normal,179200,,
0528354060,9920,Pave,AllPub,NoRidge,1Fam,1996,PConc,1117,GasA,Y,2013,1,0,2,1,3,8,1,455,Y,0,NA,Normal,269790,,
0909276010,11435,Pave,AllPub,Crawfor,1Fam,1929,PConc,792,GasA,Y,1517,0,0,1,0,3,7,2,400,Y,0,NA,Normal,230000,,
0528228430,3072,Pave,AllPub,Blmngtn,TwnhsE,2004,PConc,1365,GasA,Y,1548,1,0,2,0,2,7,1,388,Y,0,NA,Normal,225000,,
0528490070,8127,Pave,AllPub,Somerst,1Fam,2003,PConc,812,GasA,Y,1653,1,0,2,1,3,6,0,628,Y,0,NA,Normal,209000,,
0528116030,16033,Pave,AllPub,NridgHt,1Fam,2004,PConc,1833,GasA,Y,1850,1,0,2,0,3,8,1,772,Y,0,NA,Normal,326000,,
0905325030,23595,Pave,AllPub,ClearCr,1Fam,1979,PConc,1332,GasA,Y,1524,2,0,0,1,0,4,1,586,Y,0,NA,Normal,260000,,
0905401060,53227,Pave,AllPub,ClearCr,1Fam,1954,CBlock,1364,GasA,Y,1663,1,0,1,0,2,6,2,529,Y,0,NA,Normal,256000,,
0906204180,12128,Pave,AllPub,SawyerW,1Fam,1989,CBlock,868,GasA,Y,2559,0,0,2,1,4,9,1,506,Y,0,NA,Abnorml,209000,,
0916455010,9303,Pave,AllPub,Timber,1Fam,1996,PConc,872,GasA,Y,1756,1,0,2,1,3,7,0,422,Y,0,NA,Normal,204000,,
0528315110,9200,Pave,AllPub,NoRidge,1Fam,1998,PConc,1470,GasA,Y,2630,1,0,2,1,4,8,1,696,Y,0,NA,Normal,315000,,
0907270040,16226,Pave,AllPub,CollgCr,1Fam,1998,PConc,1028,GasA,Y,2452,0,0,2,1,4,9,1,683,Y,0,NA,Normal,267000,,
0923229100,15957,Pave,AllPub,Mitchel,1Fam,1977,PConc,1244,GasA,Y,1356,2,0,2,0,3,6,1,528,Y,0,NA,Normal,188000,,
0908188110,2522,Pave,AllPub,Edwards,Twnhs,2004,PConc,970,GasA,Y,1709,0,0,2,0,3,7,0,380,Y,0,NA,Normal,134000,,
0527451650,1680,Pave,AllPub,BrDale,Twnhs,1972,CBlock,630,GasA,Y,1302,0,0,2,1,3,6,0,264,Y,0,NA,Normal,119500,,
0914452060,8385,Pave,AllPub,Mitchel,Duplex,1978,CBlock,1664,GasA,Y,1664,0,0,2,0,4,10,0,616,Y,0,NA,Normal,145000,,
0902330040,17671,Pave,AllPub,OldTown,1Fam,1882,BrkTil,916,GasA,Y,1742,0,0,1,1,4,8,1,424,P,0,NA,Normal,168000,,
0535451110,7200,Pave,AllPub,NAmes,1Fam,1950,CBlock,864,GasA,Y,864,1,0,1,0,3,5,0,720,Y,0,NA,Normal,129000,,
0903231130,6120,Pave,AllPub,BrkSide,1Fam,1931,BrkTil,715,GasA,Y,875,1,0,1,0,2,5,0,180,Y,0,NA,Normal,105000,,
0527450250,1680,Pave,AllPub,BrDale,Twnhs,1973,CBlock,483,GasA,Y,987,1,0,1,1,2,5,0,264,Y,0,NA,Normal,100000,,
0527452060,4928,Pave,AllPub,NPkVill,TwnhsE,1976,CBlock,958,GasA,Y,958,0,0,2,0,2,5,0,440,Y,0,NA,Normal,143750,,
0911370500,3843,Pave,AllPub,Crawfor,TwnhsE,2007,PConc,1596,GasA,Y,1648,1,1,2,0,2,5,1,482,Y,0,NA,Partial,230000,,
0533208040,4274,Pave,AllPub,Somerst,TwnhsE,2006,PConc,1241,GasA,Y,1241,1,0,1,1,1,4,0,569,Y,0,NA,Partial,199900,,
0914478020,8750,Pave,AllPub,Mitchel,1Fam,1975,CBlock,852,GasA,Y,918,0,1,1,0,3,4,0,360,Y,0,NA,Normal,148000,,
0528429070,13253,Pave,AllPub,Somerst,1Fam,2006,PConc,1578,GasA,Y,1578,1,0,2,0,3,7,1,642,Y,0,NA,Normal,240000,,
0908152060,6285,Pave,AllPub,Edwards,1Fam,1976,CBlock,960,GasA,Y,1044,1,0,1,0,3,7,1,528,Y,0,NA,Normal,133500,,
0528114050,14977,Pave,AllPub,NridgHt,1Fam,2006,PConc,1976,GasA,Y,1976,1,0,2,0,2,7,1,908,Y,0,NA,Partial,440000,,
0533252020,11250,Pave,AllPub,Veenker,1Fam,1977,CBlock,1208,GasA,Y,1208,1,0,1,1,3,6,1,546,Y,0,NA,Normal,165000,,
0533236070,2645,Pave,AllPub,Somerst,Twnhs,1999,PConc,960,GasA,Y,1607,1,0,2,1,3,7,0,480,Y,0,NA,Normal,200000,,
0923400110,10429,Pave,AllPub,Mitchel,1Fam,1992,PConc,624,GasA,Y,1287,0,0,1,1,3,6,0,440,Y,0,NA,Normal,130000,,
0902305110,9600,Pave,AllPub,OldTown,1Fam,1900,BrkTil,930,GasW,N,1566,0,0,2,0,3,7,0,288,Y,0,NA,Abnorml,150000,,
0528445010,10936,Pave,AllPub,Somerst,1Fam,2006,PConc,1504,GasA,Y,1504,0,0,2,0,3,7,0,510,Y,0,NA,Partial,199000,,
0528477030,11216,Pave,AllPub,Somerst,1Fam,2006,PConc,1489,GasA,Y,1489,0,0,2,0,3,7,1,776,Y,0,NA,Partial,232600,,
0911175360,11040,Pave,AllPub,IDOTRR,1Fam,1920,CBlock,637,GasA,Y,1336,0,0,1,1,3,7,0,570,Y,0,NA,Normal,108000,,
0528280130,10261,Pave,AllPub,Gilbert,1Fam,2000,PConc,936,GasA,Y,1792,1,0,2,1,3,8,1,451,Y,0,NA,Normal,186500,,
0528181060,4590,Pave,AllPub,NridgHt,Twnhs,2006,PConc,1554,GasA,Y,1554,0,0,2,0,2,6,1,627,Y,0,NA,Normal,209500,,
0923229040,9129,Pave,AllPub,Mitchel,1Fam,1977,PConc,923,GasA,Y,1008,1,0,1,0,1,4,1,678,Y,0,NA,Normal,153500,,
0905478140,9280,Pave,AllPub,Edwards,1Fam,1951,CBlock,1342,GasA,Y,1342,1,0,1,0,4,7,0,256,Y,0,NA,Normal,125000,,
0527452310,7838,Pave,AllPub,NAmes,1Fam,1967,CBlock,864,GasA,Y,900,1,0,1,0,3,6,1,288,Y,0,NA,Normal,123000,,
0923202105,10114,Pave,AllPub,Mitchel,1Fam,2004,PConc,1430,GasA,Y,1430,0,0,2,0,3,7,0,624,Y,0,NA,Normal,173500,,
0534475160,10858,Pave,AllPub,NAmes,1Fam,1952,CBlock,1444,GasA,Y,1624,1,0,1,0,2,6,1,240,Y,0,NA,Partial,146500,,
0907420060,8333,Pave,AllPub,CollgCr,1Fam,2006,PConc,738,GasA,Y,1491,0,0,2,1,3,7,1,484,Y,0,NA,Normal,168675,,
0908102110,8842,Pave,AllPub,Edwards,1Fam,1954,CBlock,381,GasA,Y,992,0,0,1,0,3,6,0,319,Y,0,NA,Abnorml,155891,,
0906394010,10984,Pave,AllPub,CollgCr,1Fam,2005,PConc,945,GasA,Y,1809,0,0,2,1,3,8,0,638,Y,0,NA,Partial,209700,,
0909252020,7200,Pave,AllPub,SWISU,1Fam,1936,PConc,560,GasA,Y,1135,1,0,1,0,3,6,0,576,Y,0,NA,Normal,155000,,
0528164040,11846,Pave,AllPub,NridgHt,1Fam,2003,PConc,1792,GasA,Y,1792,1,0,2,0,2,6,1,874,Y,0,NA,Normal,374000,,
0535402140,10090,Pave,AllPub,NAmes,1Fam,1963,CBlock,725,GasA,Y,1651,0,1,2,0,4,6,2,276,Y,0,NA,Normal,172000,,
0909275040,9650,Pave,AllPub,Crawfor,1Fam,1923,BrkTil,784,GasA,Y,1603,0,0,1,0,4,7,1,599,Y,0,NA,Normal,138000,,
0923275080,7937,Pave,AllPub,Mitchel,1Fam,1984,CBlock,1003,GasA,Y,1003,1,0,1,0,3,6,0,588,Y,0,NA,Normal,142500,,
0906204280,9771,Pave,AllPub,SawyerW,1Fam,1995,PConc,1077,GasA,Y,2814,0,1,2,1,4,9,1,614,Y,0,NA,Normal,260000,,
0527182170,5062,Pave,AllPub,StoneBr,TwnhsE,1984,CBlock,1190,GasA,Y,2090,1,0,2,0,3,6,1,577,Y,0,NA,Normal,207500,,
0534177230,8400,Pave,AllPub,NWAmes,1Fam,2001,PConc,810,GasA,Y,1665,1,0,2,1,3,6,0,528,Y,0,NA,Normal,227000,,
0535105160,8500,Pave,AllPub,NAmes,1Fam,1961,CBlock,1235,GasA,Y,1235,0,0,1,0,2,6,0,480,Y,0,NA,Abnorml,98600,,
0909250160,10594,Pave,AllPub,Crawfor,1Fam,1926,BrkTil,768,Grav,N,789,0,0,1,0,2,5,0,200,Y,0,NA,Normal,96500,,
0528120150,9591,Pave,AllPub,NridgHt,1Fam,2004,PConc,1143,GasA,Y,2473,0,0,2,1,4,9,1,852,Y,0,NA,Normal,317000,,
0528186160,6240,Pave,AllPub,NridgHt,TwnhsE,2006,PConc,1342,GasA,Y,1342,1,0,2,0,2,6,1,550,Y,0,NA,Normal,234250,,
0923251080,26142,Pave,AllPub,Mitchel,1Fam,1962,CBlock,1188,GasA,Y,1188,0,0,1,0,3,6,0,312,P,0,NA,Normal,157900,,
0528290170,9487,Pave,AllPub,Gilbert,1Fam,2000,PConc,915,GasA,Y,1690,1,0,2,1,3,7,1,442,Y,0,NA,Normal,187000,,
0903454090,9000,Pave,AllPub,IDOTRR,1Fam,1937,PConc,780,GasA,Y,1375,0,0,1,1,3,6,1,544,P,0,NA,Normal,141000,,
0909176080,10896,Pave,AllPub,SWISU,2fmCon,1914,CBlock,1440,GasA,Y,3395,0,0,2,0,8,14,0,0,N,0,NA,Abnorml,200000,,
0533236090,3951,Pave,AllPub,Somerst,TwnhsE,1998,PConc,970,GasA,Y,2393,1,0,2,1,2,7,1,846,Y,0,NA,Normal,345000,,
0903206070,7010,Pave,AllPub,BrkSide,1Fam,1935,BrkTil,1024,GasA,Y,1738,0,0,2,0,3,6,1,240,P,0,NA,Normal,153000,,
0909275160,13108,Pave,AllPub,Crawfor,1Fam,1951,CBlock,0,GasA,Y,1226,0,0,1,1,2,7,1,400,Y,0,NA,Normal,153500,,
0528108160,14154,Pave,AllPub,NridgHt,1Fam,2006,PConc,1063,GasA,Y,2172,0,0,2,1,3,9,1,947,Y,0,NA,Partial,280000,,
0909253080,9399,Pave,AllPub,Crawfor,1Fam,1919,BrkTil,818,GasA,Y,1636,0,0,1,1,4,7,1,288,N,0,NA,Abnorml,167000,,
0531363050,7500,Pave,AllPub,SawyerW,1Fam,2004,PConc,1158,GasA,Y,1158,0,0,1,1,3,5,0,0,Y,0,NA,Normal,143500,,
0905200160,9000,Pave,AllPub,Sawyer,1Fam,1959,CBlock,1006,GasA,Y,1006,0,0,1,0,3,5,0,0,Y,0,NA,Normal,80000,,
0909250200,4899,Pave,AllPub,SWISU,1Fam,1920,PConc,755,GasA,Y,1510,0,0,1,0,3,6,0,216,Y,0,NA,Normal,149000,,
0907280040,9375,Pave,AllPub,CollgCr,1Fam,1997,PConc,1040,GasA,Y,2098,0,0,2,1,4,9,1,621,Y,0,NA,Normal,240000,,
0535175050,12400,Pave,AllPub,NAmes,1Fam,1958,CBlock,1215,GasA,Y,1215,0,0,1,0,3,6,0,297,Y,0,NA,Normal,155000,,
0905200490,10246,Pave,AllPub,Sawyer,1Fam,1965,CBlock,648,GasA,Y,960,1,1,0,0,0,3,0,364,Y,0,NA,Normal,145000,,
0527302020,12090,Pave,AllPub,NWAmes,1Fam,1984,CBlock,585,GasA,Y,1868,0,0,3,1,3,7,1,477,Y,0,NA,Abnorml,178000,,
0535375010,5470,Pave,AllPub,OldTown,1Fam,1958,CBlock,792,GasA,Y,792,0,0,1,0,2,4,0,366,Y,0,NA,Normal,99900,,
0527450030,2205,Pave,AllPub,BrDale,Twnhs,1973,CBlock,525,GasA,Y,1092,0,0,1,1,3,6,0,264,Y,0,NA,Normal,113500,,
0531375070,13072,Pave,AllPub,SawyerW,1Fam,2005,PConc,1141,GasA,Y,1141,0,0,1,1,3,6,0,484,Y,0,NA,Abnorml,142500,,
0903430090,5310,Pave,AllPub,OldTown,1Fam,1910,CBlock,485,GasA,Y,1635,0,0,1,0,2,5,0,255,Y,0,NA,Normal,117000,,
0902100020,9836,Pave,AllPub,OldTown,1Fam,2008,PConc,192,GasA,N,1133,1,0,1,0,3,7,0,308,Y,0,NA,Abnorml,143000,,
0534403440,9350,Pave,AllPub,NAmes,1Fam,1964,CBlock,720,GasA,Y,1440,0,0,1,1,4,7,1,480,Y,0,NA,Normal,157500,,
0528106050,13641,Pave,AllPub,NridgHt,1Fam,2007,PConc,1934,GasA,Y,2656,1,0,2,1,3,8,1,1040,Y,0,NA,Partial,492000,,
0907414020,8487,Pave,AllPub,CollgCr,1Fam,2004,PConc,1500,GasA,Y,1500,0,0,2,0,3,6,0,570,Y,0,NA,Normal,190000,,
0532476050,14330,Pave,AllPub,Veenker,1Fam,1974,CBlock,1748,GasA,Y,2646,1,2,2,0,3,9,4,550,Y,800,Gd,Normal,260000,,
0526351100,10200,Pave,AllPub,NAmes,1Fam,1974,CBlock,1434,GasA,Y,1434,1,0,2,0,4,7,1,528,Y,0,NA,Normal,157000,,
0907275140,12782,Pave,AllPub,CollgCr,1Fam,2002,PConc,1822,GasA,Y,1828,1,0,2,0,3,7,1,523,Y,0,NA,Normal,279500,,
0528112040,11578,Pave,AllPub,NridgHt,1Fam,2008,PConc,1736,GasA,Y,1736,0,0,2,0,3,7,1,834,Y,0,NA,Normal,360000,,
0911128020,6060,Pave,AllPub,IDOTRR,1Fam,1930,BrkTil,837,GasA,Y,1001,0,0,1,0,2,5,0,216,N,0,NA,Normal,124900,,
0528102050,12469,Pave,AllPub,NridgHt,1Fam,2006,PConc,1790,GasA,Y,1816,1,0,2,0,3,7,1,730,Y,0,NA,Partial,356000,,
0535451100,7200,Pave,AllPub,NAmes,1Fam,1950,CBlock,864,GasA,Y,1238,0,0,1,1,3,6,1,357,Y,0,NA,Normal,102000,,
0531384030,14565,Pave,AllPub,SawyerW,1Fam,1994,PConc,832,GasA,Y,1657,0,0,2,1,3,6,0,483,Y,0,NA,Normal,189000,,
0534129080,17871,Pave,AllPub,NWAmes,1Fam,1967,CBlock,1680,GasA,Y,1724,1,0,1,1,3,7,1,480,Y,0,NA,Normal,197900,,
0535426195,16321,Pave,AllPub,NAmes,1Fam,1957,CBlock,1484,GasA,Y,1600,1,0,1,0,2,6,2,319,Y,0,NA,Normal,207500,,
0923229010,11333,Pave,AllPub,Mitchel,1Fam,1976,PConc,1029,GasA,Y,1062,1,0,1,0,3,5,2,539,Y,0,NA,Normal,146800,,
0527455270,9477,Pave,AllPub,NAmes,1Fam,1966,CBlock,864,GasA,Y,892,0,0,1,0,3,5,0,264,Y,0,NA,Normal,110000,,
0528102130,12085,Pave,AllPub,NridgHt,1Fam,2007,PConc,1734,GasA,Y,1734,1,0,2,0,3,7,1,928,Y,0,NA,Partial,318000,,
0527162120,7500,Pave,AllPub,Gilbert,1Fam,1998,PConc,952,GasA,Y,1636,1,0,2,1,3,7,1,440,Y,0,NA,Normal,191000,,
0905104180,9764,Pave,AllPub,Sawyer,1Fam,1967,CBlock,894,GasA,Y,894,1,0,1,0,3,5,0,450,Y,0,NA,Normal,130000,,
0902304040,9900,Pave,AllPub,OldTown,1Fam,1880,BrkTil,1008,GasW,Y,2210,0,0,2,0,5,8,0,205,N,0,NA,Normal,117500,,
0909425180,12984,Pave,AllPub,Crawfor,1Fam,1977,CBlock,1430,GasA,Y,1647,1,0,2,0,3,7,1,621,Y,0,NA,Normal,217500,,
0528102120,11825,Pave,AllPub,NridgHt,1Fam,2006,PConc,1694,GasA,Y,1694,0,0,2,0,3,7,1,856,Y,0,NA,Partial,322400,,
0908225310,8741,Pave,AllPub,Edwards,Duplex,1946,CBlock,1195,GasA,N,1195,0,0,2,0,4,8,0,0,N,0,NA,Abnorml,98500,,
0534478230,9600,Pave,AllPub,NAmes,1Fam,1950,CBlock,1113,GasA,Y,1113,0,0,1,0,3,5,1,264,Y,0,NA,Normal,147000,,
0527375160,10530,Pave,AllPub,NWAmes,1Fam,1975,CBlock,675,GasA,Y,1875,0,0,3,0,3,8,1,485,Y,0,NA,Normal,184500,,
0903476100,4388,Pave,AllPub,OldTown,1Fam,1930,BrkTil,672,GasA,Y,840,0,0,1,0,3,5,1,0,N,0,NA,Normal,87000,,
0905107220,9535,Pave,AllPub,Sawyer,1Fam,1967,CBlock,1176,GasA,Y,1458,1,0,1,1,3,7,1,512,Y,0,NA,Normal,165000,,
0923225490,9858,Pave,AllPub,Mitchel,1Fam,1968,CBlock,864,GasA,Y,874,1,0,1,0,3,5,0,288,Y,0,NA,Normal,130000,,
0527226040,41600,Pave,AllPub,Gilbert,2fmCon,1969,CBlock,1100,GasW,Y,1424,1,0,1,1,3,7,0,828,N,0,NA,Normal,155000,,
0527162090,7875,Pave,AllPub,Gilbert,1Fam,1995,PConc,1237,GasA,Y,1253,0,0,2,0,3,6,1,402,Y,0,NA,Normal,176000,,
0535454030,8544,Pave,AllPub,NAmes,Duplex,1950,Slab,0,Wall,N,1040,0,0,2,0,2,6,0,400,Y,0,NA,Normal,81400,,
0528231020,13300,Pave,AllPub,Gilbert,1Fam,2004,PConc,384,GasA,Y,1374,1,0,2,1,3,7,1,400,Y,0,NA,Normal,184500,,
0528482130,9375,Pave,AllPub,Somerst,1Fam,2003,PConc,912,GasA,Y,2094,0,0,2,1,4,8,1,615,Y,0,NA,Normal,263000,,
0528344040,16545,Pave,AllPub,NoRidge,1Fam,1998,PConc,1284,GasA,Y,2450,1,0,2,1,3,7,1,1069,Y,0,NA,Normal,340000,,
0902103150,9184,Pave,AllPub,OldTown,1Fam,1948,BrkTil,780,GasA,Y,1323,0,0,1,0,3,6,0,400,Y,0,NA,Normal,122600,,
0531375050,13072,Pave,AllPub,SawyerW,1Fam,2005,PConc,1175,GasA,Y,1175,1,0,1,0,3,6,0,0,Y,0,NA,Normal,146000,,
0535178100,10000,Pave,AllPub,NAmes,1Fam,1956,CBlock,1058,GasA,Y,1370,1,0,1,0,3,6,1,300,Y,0,NA,Normal,148000,,
0527105060,8238,Pave,AllPub,Gilbert,1Fam,1997,PConc,813,GasA,Y,1525,1,0,2,1,3,6,1,400,Y,0,NA,Normal,183500,,
0910203230,7030,Pave,AllPub,IDOTRR,1Fam,1925,BrkTil,641,GasA,Y,641,0,0,1,0,2,4,0,272,N,0,NA,Normal,85000,,
0903476110,5586,Pave,AllPub,OldTown,1Fam,1920,BrkTil,901,GasA,Y,1198,0,0,1,0,4,7,0,0,N,0,NA,Abnorml,79900,,
0904101070,18030,Pave,AllPub,ClearCr,1Fam,1946,CBlock,1598,GasA,Y,3086,0,0,3,0,3,12,1,0,Y,0,NA,Normal,200500,,
0535403030,8300,Pave,AllPub,NAmes,1Fam,1968,CBlock,952,GasA,Y,952,1,0,1,0,3,5,0,288,Y,0,NA,Normal,128500,,
0908203090,6410,Pave,AllPub,Edwards,1Fam,1959,CBlock,876,GasA,Y,876,0,0,1,0,3,5,0,320,Y,0,NA,Normal,85000,,
0535375050,10410,Pave,AllPub,OldTown,1Fam,1916,CBlock,660,GasA,Y,1656,0,0,2,1,3,8,0,180,N,0,NA,Normal,135000,,
0533135020,11949,Pave,AllPub,NoRidge,1Fam,1991,PConc,975,GasA,Y,1755,0,1,2,1,3,7,1,524,Y,0,NA,Normal,235000,,
0528170040,20431,Pave,AllPub,NridgHt,1Fam,2005,PConc,1848,GasA,Y,2728,1,0,2,1,4,10,2,706,Y,0,NA,Partial,437154,,
0905451410,10519,Pave,AllPub,Edwards,1Fam,1955,CBlock,1057,GasA,Y,1057,0,1,1,0,3,6,0,288,Y,0,NA,Normal,137000,,
0909257050,10918,Pave,AllPub,Crawfor,1Fam,1926,BrkTil,1276,GasA,Y,2080,0,0,1,1,3,9,2,282,Y,0,NA,Normal,234000,,
0528478040,10625,Pave,AllPub,Somerst,1Fam,2005,PConc,1026,GasA,Y,1958,0,0,2,1,3,9,1,936,Y,0,NA,Normal,250000,,
0534401130,9020,Pave,AllPub,NAmes,1Fam,1966,CBlock,1127,GasA,Y,1165,1,0,1,1,3,6,0,490,Y,0,NA,Normal,174900,,
0903458010,7200,Pave,AllPub,IDOTRR,1Fam,1930,BrkTil,984,GasA,Y,984,0,0,1,0,3,6,0,308,N,0,NA,Family,90000,,
0527328020,10395,Pave,AllPub,NWAmes,1Fam,1978,CBlock,1032,GasA,Y,1032,0,1,2,0,3,6,1,564,Y,0,NA,Normal,148000,,
0905105170,8398,Pave,AllPub,Sawyer,1Fam,1967,CBlock,943,GasA,Y,943,1,0,1,0,2,5,0,528,Y,0,NA,Normal,134500,,
0531475220,8250,Pave,AllPub,SawyerW,Duplex,1981,Slab,0,GasA,Y,1882,0,0,2,0,4,8,2,612,Y,0,NA,Normal,160000,,
0527354100,14115,Pave,AllPub,NWAmes,1Fam,1980,CBlock,1372,GasA,Y,1472,1,0,2,0,3,6,2,588,Y,0,NA,Normal,187500,,
0527455250,7150,Pave,AllPub,NAmes,1Fam,1966,CBlock,988,GasA,Y,988,1,0,1,0,3,5,0,360,Y,0,NA,Normal,129250,,
0923203100,4500,Pave,AllPub,Mitchel,TwnhsE,1998,PConc,1237,GasA,Y,1337,1,0,2,0,2,5,0,405,Y,0,NA,Normal,153500,,
0916475020,14536,Pave,AllPub,Timber,1Fam,2002,PConc,1616,GasA,Y,1629,1,0,2,0,3,9,1,808,Y,0,NA,Normal,270000,,
0905226080,6960,Pave,AllPub,Sawyer,1Fam,1940,BrkTil,680,GasA,Y,1302,0,0,1,1,2,6,2,224,Y,0,NA,Normal,165250,,
0905352180,10029,Pave,AllPub,ClearCr,1Fam,1988,PConc,1151,GasA,Y,2060,0,1,2,1,4,8,1,521,Y,0,NA,Normal,211000,,
0905228020,9000,Pave,AllPub,Sawyer,1Fam,1945,Slab,0,GasA,N,998,0,0,1,0,3,5,0,460,Y,0,NA,Normal,89500,,
0907125020,8846,Pave,AllPub,CollgCr,1Fam,1996,PConc,870,GasA,Y,914,0,0,1,0,2,5,0,576,Y,0,NA,Normal,148000,,
0907418020,8846,Pave,AllPub,CollgCr,1Fam,2005,PConc,750,GasA,Y,1500,0,0,2,1,3,6,0,564,Y,0,NA,Partial,173900,,
0533223100,2403,Pave,AllPub,Somerst,TwnhsE,2003,PConc,530,GasA,Y,1080,0,0,2,1,2,4,0,496,Y,0,NA,Normal,147110,,
0906380210,6762,Pave,AllPub,CollgCr,1Fam,2007,PConc,1282,GasA,Y,1290,1,0,2,0,2,6,1,662,Y,0,NA,Normal,200000,,
0923225510,10172,Pave,AllPub,Mitchel,1Fam,1968,CBlock,864,GasA,Y,874,1,0,1,0,3,5,0,288,Y,0,NA,Normal,126500,,
0908128060,7301,Pave,AllPub,Edwards,1Fam,2003,Slab,0,GasA,Y,1922,0,0,3,0,4,7,1,672,Y,0,NA,Normal,198500,,
0527105130,11792,Pave,AllPub,Gilbert,1Fam,2003,PConc,1008,GasA,Y,2283,0,0,2,1,4,9,1,632,Y,0,NA,Normal,270000,,
0907202100,16300,Pave,AllPub,CollgCr,1Fam,1977,CBlock,876,GasA,Y,907,1,0,1,0,3,5,0,308,Y,0,NA,Normal,130000,,
0909275020,7136,Pave,AllPub,Crawfor,Duplex,1946,CBlock,979,GasA,N,1958,0,0,2,0,4,8,0,492,Y,0,NA,Normal,145000,,
0902330010,5250,Pave,AllPub,OldTown,1Fam,1872,BrkTil,684,OthW,N,2358,0,0,2,0,4,8,0,0,Y,0,NA,Normal,122000,,
0903452090,7518,Pave,AllPub,IDOTRR,1Fam,1910,BrkTil,396,GasA,Y,1330,0,0,1,0,3,7,0,390,N,0,NA,Normal,116500,,
0533234020,10646,Pave,AllPub,Somerst,1Fam,2001,PConc,858,GasA,Y,1789,1,0,2,1,3,7,1,546,Y,0,NA,Normal,223000,,
0535453100,8000,Pave,AllPub,NAmes,1Fam,1959,CBlock,528,GasA,Y,1183,1,0,1,0,3,6,0,288,Y,0,NA,Normal,138000,,
0528439050,9158,Pave,AllPub,Somerst,1Fam,2007,PConc,1496,GasA,Y,1496,0,0,2,0,3,7,0,474,Y,0,NA,Partial,225000,,
0923228080,1477,Pave,AllPub,MeadowV,Twnhs,1970,CBlock,546,GasA,Y,1092,0,0,2,1,3,6,0,0,Y,0,NA,Normal,98000,,
0535455060,6390,Pave,AllPub,NAmes,1Fam,1954,CBlock,936,GasA,Y,984,1,0,1,0,2,4,0,280,Y,0,NA,Normal,112500,,
0923202060,21750,Pave,AllPub,Mitchel,1Fam,1960,Slab,0,GasA,Y,1771,0,0,1,0,3,9,1,336,Y,0,NA,Normal,115000,,
0533352075,18890,Pave,AllPub,Sawyer,Duplex,1977,CBlock,1361,GasA,Y,2620,0,0,2,2,4,12,1,600,N,0,NA,Normal,190000,,
0535325460,21299,Pave,AllPub,NAmes,1Fam,1941,CBlock,929,GasA,Y,2039,1,0,1,1,3,7,3,791,Y,0,NA,Abnorml,167000,,
0910205020,6402,Pave,AllPub,IDOTRR,1Fam,1920,PConc,596,GasA,N,1192,0,0,1,0,3,6,0,189,N,0,NA,Normal,78000,,
0528228325,3196,Pave,AllPub,Blmngtn,TwnhsE,2003,PConc,1374,GasA,Y,1557,0,0,2,0,2,7,1,420,Y,0,NA,Normal,234000,,
0909252170,6720,Pave,AllPub,Crawfor,1Fam,1921,BrkTil,585,GasA,N,1436,0,0,1,0,3,7,1,228,Y,0,NA,Normal,141500,,
0923225200,2665,Pave,AllPub,MeadowV,TwnhsE,1976,PConc,550,GasA,Y,1475,0,0,2,0,4,6,1,336,Y,0,NA,Normal,129500,,
0528228415,3072,Pave,AllPub,Blmngtn,TwnhsE,2004,PConc,1375,GasA,Y,1414,0,0,2,0,2,6,1,398,Y,0,NA,Normal,178740,,
0908188150,3363,Pave,AllPub,Edwards,TwnhsE,2004,PConc,976,GasA,Y,1708,0,0,2,0,3,7,0,380,Y,0,NA,Normal,130000,,
0535452090,7350,Pave,AllPub,NAmes,1Fam,1958,CBlock,1041,GasA,Y,1041,0,0,1,0,3,6,0,294,Y,0,NA,Normal,128000,,
0903426010,5700,Pave,AllPub,OldTown,1Fam,1929,BrkTil,672,GasA,N,1344,1,0,1,1,3,6,1,456,Y,0,NA,Normal,140000,,
0908275280,16466,Pave,AllPub,Edwards,1Fam,1955,PConc,816,GasA,Y,1393,0,0,1,1,3,8,0,300,Y,0,NA,Normal,135500,,
0528290190,7750,Pave,AllPub,Gilbert,1Fam,1999,PConc,384,GasA,Y,1430,0,0,2,1,3,7,1,400,Y,0,NA,Normal,156000,,
0528292030,15896,Pave,AllPub,Gilbert,1Fam,1999,PConc,1177,GasA,Y,2312,1,0,2,1,4,8,1,658,Y,0,NA,Normal,245000,,
0535106140,10150,Pave,AllPub,NAmes,1Fam,1958,CBlock,912,GasA,Y,912,0,0,1,0,2,5,0,275,Y,0,NA,Normal,114500,,
0907125120,8775,Pave,AllPub,CollgCr,1Fam,1994,PConc,990,GasA,Y,990,0,0,1,0,3,5,0,299,Y,0,NA,Normal,126000,,
0527450150,1890,Pave,AllPub,BrDale,Twnhs,1973,CBlock,672,GasA,Y,1218,0,0,1,1,3,7,0,264,Y,0,NA,Normal,113000,,
0534427010,13260,Pave,AllPub,NAmes,Duplex,1962,CBlock,1728,GasA,Y,1728,2,0,2,0,6,10,0,0,Y,0,NA,Abnorml,84900,,
0535350030,10200,Pave,AllPub,NAmes,1Fam,1954,CBlock,1086,GasA,Y,1086,1,0,1,0,3,6,0,490,Y,0,NA,Normal,144900,,
0906201021,10778,Pave,AllPub,SawyerW,1Fam,1990,PConc,1054,GasA,Y,1061,1,0,1,1,1,4,0,462,Y,0,NA,Normal,162000,,
0534278190,8680,Pave,AllPub,NAmes,1Fam,1960,CBlock,894,GasA,Y,894,0,0,1,0,3,5,0,312,Y,0,NA,Normal,117600,,
0535150240,9000,Pave,AllPub,NAmes,1Fam,1954,CBlock,936,GasA,Y,1128,0,0,1,0,2,5,0,286,Y,0,NA,Family,118000,,
0911370460,4750,Pave,AllPub,Crawfor,TwnhsE,2006,PConc,1573,GasA,Y,1625,1,1,2,0,2,5,1,538,Y,0,NA,Family,235000,,
0914465020,10125,Pave,AllPub,Mitchel,1Fam,2000,PConc,1107,GasA,Y,2052,0,0,2,1,3,7,1,642,Y,0,NA,Normal,251000,,
0527375180,10140,Pave,AllPub,NWAmes,1Fam,1974,CBlock,1116,GasA,Y,1116,1,0,2,0,3,6,1,528,Y,0,NA,Normal,167900,,
0528431020,11194,Pave,AllPub,Somerst,1Fam,2008,PConc,1696,GasA,Y,1696,0,0,2,0,3,7,0,972,Y,0,NA,Normal,275000,,
0903453050,10266,Pave,AllPub,IDOTRR,1Fam,1952,CBlock,768,GasA,Y,1536,0,0,1,1,4,7,0,308,Y,0,NA,Abnorml,136000,,
0907192090,9808,Pave,AllPub,CollgCr,1Fam,2002,PConc,1573,GasA,Y,1573,1,0,2,0,3,6,0,544,Y,0,NA,Normal,227000,,
0903430050,5680,Pave,AllPub,OldTown,1Fam,1901,CBlock,969,GasA,N,1214,0,0,1,0,2,6,0,216,N,0,NA,AdjLand,117000,,
0907285100,11250,Pave,AllPub,CollgCr,1Fam,1995,PConc,930,GasA,Y,1995,1,0,2,1,4,8,1,610,Y,0,NA,Normal,237000,,
0527165100,9125,Pave,AllPub,Gilbert,1Fam,1992,PConc,384,GasA,Y,1482,0,0,2,1,3,7,1,392,Y,0,NA,Normal,163900,,
0527108060,13751,Pave,AllPub,Gilbert,1Fam,2005,PConc,1700,GasA,Y,2212,1,0,2,1,3,9,1,773,Y,0,NA,Partial,309000,,
0907192020,9543,Pave,AllPub,CollgCr,1Fam,2001,PConc,845,GasA,Y,1690,0,0,2,1,3,7,0,517,Y,0,NA,Normal,190550,,
0923227100,13384,Pave,AllPub,Mitchel,1Fam,1969,PConc,1104,GasA,Y,1360,1,0,1,0,3,8,1,336,Y,0,NA,Normal,140000,,
0531478010,8900,Pave,AllPub,SawyerW,1Fam,1966,CBlock,1056,GasA,Y,1056,1,0,1,0,2,5,0,384,Y,0,NA,Normal,107000,,
0527358120,11361,Pave,AllPub,NWAmes,1Fam,1976,CBlock,1193,GasA,Y,1523,0,1,2,0,3,7,1,478,Y,0,NA,Abnorml,180000,,
0924151040,9892,Pave,AllPub,Mitchel,1Fam,1994,PConc,1679,GasA,Y,1803,1,1,2,1,3,6,2,482,Y,0,NA,Normal,285000,,
0907252020,9375,Pave,AllPub,CollgCr,1Fam,2002,PConc,1284,GasA,Y,2169,0,0,2,1,3,7,1,647,Y,0,NA,Normal,228500,,
0906475200,70761,Pave,AllPub,ClearCr,1Fam,1975,CBlock,1533,GasA,Y,1533,1,0,2,0,2,5,2,576,Y,0,NA,Normal,280000,,
0909131170,12155,Pave,AllPub,SWISU,1Fam,1925,BrkTil,672,GasA,N,1482,0,0,2,0,4,7,0,400,P,0,NA,Normal,140000,,
0905427070,13728,Pave,AllPub,Edwards,1Fam,1935,CBlock,1127,GasA,Y,2108,0,0,2,0,4,7,2,540,Y,0,NA,Normal,235000,,
0903205085,8731,Pave,AllPub,BrkSide,1Fam,1920,BrkTil,915,GasA,Y,1167,0,0,1,0,3,6,1,495,Y,0,NA,Normal,144000,,
0906223080,10560,Pave,AllPub,SawyerW,1Fam,1993,PConc,1079,GasA,Y,1879,1,0,2,1,3,8,1,473,Y,0,NA,Normal,239900,,
0528480170,8125,Pave,AllPub,Somerst,1Fam,2008,PConc,1836,GasA,Y,1836,0,0,2,0,3,8,1,517,Y,0,NA,Partial,264500,,
0531376060,7441,Pave,AllPub,SawyerW,1Fam,2006,PConc,1461,GasA,Y,1486,0,0,2,0,3,7,0,566,Y,0,NA,Normal,181000,,
0527256030,14082,Pave,AllPub,StoneBr,1Fam,2006,PConc,2220,GasA,Y,2234,1,0,1,1,1,7,1,724,Y,0,NA,Normal,441929,,
0535305180,8923,Pave,AllPub,NAmes,1Fam,1953,CBlock,1008,GasA,Y,1008,1,0,1,0,2,6,0,240,Y,0,NA,Normal,134500,,
0923202015,7060,Pave,AllPub,Mitchel,Duplex,1997,PConc,1344,GasA,Y,1344,2,0,2,0,2,8,0,784,Y,0,NA,Alloca,206300,,
0527302210,14450,Pave,AllPub,NWAmes,1Fam,1979,CBlock,1782,GasA,Y,1782,0,1,2,0,3,6,1,551,Y,0,NA,Normal,220000,,
0533352150,9991,Pave,AllPub,Sawyer,1Fam,1976,CBlock,1281,GasA,Y,1620,1,0,2,0,3,8,1,490,Y,0,NA,Normal,150000,,
0532354060,7420,Pave,AllPub,Sawyer,1Fam,1962,CBlock,1057,GasA,Y,1057,0,0,1,0,3,6,0,576,Y,0,NA,Normal,132000,,
0533352170,13517,Pave,AllPub,Sawyer,1Fam,1976,CBlock,725,GasA,Y,1479,0,0,2,1,3,6,0,475,Y,0,NA,Normal,130500,,
0909475140,15602,Pave,AllPub,Crawfor,1Fam,1959,CBlock,1501,GasA,Y,1801,1,0,2,0,1,6,2,484,Y,0,NA,Normal,289000,,
0905378040,18600,Pave,AllPub,Edwards,1Fam,1938,CBlock,972,GasA,Y,1610,0,1,2,0,4,8,1,480,Y,0,NA,Normal,124000,,
0908275220,8172,Pave,AllPub,Edwards,1Fam,1955,CBlock,864,GasA,Y,864,1,0,1,0,2,5,0,572,N,0,NA,Normal,115000,,
0528150090,14828,Pave,AllPub,NridgHt,1Fam,2004,PConc,1780,GasA,Y,1780,1,0,2,0,2,7,1,816,Y,0,NA,Normal,378000,,
0527357110,9743,Pave,AllPub,NWAmes,1Fam,1969,CBlock,720,GasA,Y,1308,0,0,1,1,3,7,0,484,Y,0,NA,Normal,146900,,
0534277070,8475,Pave,AllPub,NAmes,1Fam,1956,CBlock,952,GasA,Y,952,0,0,1,0,2,4,0,283,Y,0,NA,Normal,135750,,
0528142010,12867,Pave,AllPub,NridgHt,1Fam,2005,PConc,1209,GasA,Y,2253,0,0,2,1,3,8,1,575,Y,0,NA,Partial,344133,,
0905402060,13680,Pave,AllPub,Edwards,1Fam,1955,Slab,0,GasA,Y,1733,0,0,2,0,4,8,1,452,Y,0,NA,Normal,139600,,
0907185050,8750,Pave,AllPub,CollgCr,1Fam,1998,PConc,928,GasA,Y,1772,1,0,2,1,3,7,1,492,Y,0,NA,Normal,200000,,
0531452210,9019,Pave,AllPub,SawyerW,1Fam,1994,PConc,636,GasA,Y,1320,0,0,2,1,3,6,0,472,Y,0,NA,Normal,150000,,
0905452160,9525,Pave,AllPub,Edwards,1Fam,1954,CBlock,1172,GasA,Y,1172,1,0,1,0,3,5,0,366,Y,0,NA,Normal,128000,,
0528172020,10927,Pave,AllPub,NridgHt,1Fam,2005,PConc,1058,GasA,Y,1904,1,0,2,1,3,8,1,736,Y,0,NA,Normal,275000,,
0908186070,3675,Pave,AllPub,Edwards,TwnhsE,2005,PConc,547,GasA,Y,1072,1,0,2,0,2,5,0,525,Y,0,NA,Partial,140000,,
0528387030,11692,Pave,AllPub,NoRidge,1Fam,1993,PConc,1173,GasA,Y,2232,1,0,2,1,3,8,1,623,Y,0,NA,Normal,263550,,
0535300040,10050,Pave,AllPub,NAmes,1Fam,1955,CBlock,1216,GasA,Y,1216,1,0,1,0,3,5,0,336,Y,0,NA,Normal,129500,,
0528186190,6240,Pave,AllPub,NridgHt,TwnhsE,2006,PConc,1324,GasA,Y,1324,0,0,2,0,2,6,1,550,Y,0,NA,Partial,221370,,
0532377020,6360,Pave,AllPub,Sawyer,1Fam,1963,CBlock,864,GasA,Y,864,0,0,1,0,3,5,0,276,Y,0,NA,Abnorml,119916,,
0908130020,8050,Pave,AllPub,Edwards,1Fam,2002,PConc,914,GasA,Y,914,1,0,1,0,2,4,0,0,N,0,NA,Normal,117250,,
0908204090,6400,Pave,AllPub,Edwards,1Fam,1959,CBlock,960,GasA,Y,960,1,0,1,0,2,4,0,392,Y,0,NA,Normal,131750,,
0528482030,10625,Pave,AllPub,Somerst,1Fam,2004,PConc,1158,GasA,Y,2443,0,0,2,1,4,9,1,744,Y,0,NA,Normal,265000,,
0902327040,10800,Pave,AllPub,OldTown,1Fam,1915,PConc,686,GasA,Y,1652,1,0,2,0,4,7,0,416,Y,0,NA,Normal,139000,,
0531376070,9260,Pave,AllPub,SawyerW,1Fam,2007,PConc,1162,GasA,Y,1162,0,0,2,0,3,6,0,483,Y,0,NA,Normal,170000,,
0528166060,13472,Pave,AllPub,NridgHt,1Fam,2003,PConc,2392,GasA,Y,2392,0,0,2,0,3,8,1,968,Y,0,NA,Normal,386250,,
0528110050,13891,Pave,AllPub,NridgHt,1Fam,2006,PConc,2076,GasA,Y,2076,1,0,2,1,2,7,1,850,Y,0,NA,Partial,465000,,
0906201050,19255,Pave,AllPub,SawyerW,1Fam,1983,CBlock,520,GasA,Y,1338,0,0,1,1,2,5,1,576,Y,0,NA,Normal,156500,,
0909425140,14442,Pave,AllPub,Crawfor,1Fam,1957,PConc,1477,GasA,Y,1839,1,0,2,0,3,7,2,416,Y,0,NA,Normal,257500,,
0923229140,33983,Pave,AllPub,Mitchel,1Fam,1977,PConc,1160,GasA,Y,1676,1,0,1,1,3,6,2,672,P,0,NA,Normal,196000,,
0532351060,9100,Pave,AllPub,Sawyer,1Fam,1962,CBlock,988,GasA,Y,988,1,0,1,0,3,6,0,624,Y,0,NA,Normal,129500,,
